{
  "results": [
    {
      "query": "The case revolves around the acquisition of land ",
      "relevant_docs_id": [
        "019ba0df-d815-7de5-ae52-77ee1b5c5303"
      ],
      "retrieved_docs_id": [
        "019ba0df-d815-7de5-ae52-77ee1b5c5303"
      ],
      "chunks_score": [
        0.7511985182762146
      ],
      "maximum_rel_chunk_ids": [
        []
      ],
      "precision_at10": 0.1,
      "recall_at@10": 1.0
    },
    {
      "query": "cases against their parents relevant to property conflict",
      "relevant_docs_id": [
        "019ba0d0-26b7-7fdf-9bb0-8f4cf85f5215",
        "019ba0d4-95e3-78e9-9405-e249a4cceb36",
        "019ba12a-dc75-7c4b-b90b-469116223a62",
        "019ba102-e665-76dc-8ad7-cb863dfebc9c"
      ],
      "retrieved_docs_id": [
        "019ba0d0-26b7-7fdf-9bb0-8f4cf85f5215",
        "019ba12a-dc75-7c4b-b90b-469116223a62",
        "019ba102-e665-76dc-8ad7-cb863dfebc9c"
      ],
      "chunks_score": [
        0.7000589072704315,
        0.6986835300922394,
        0.697688952088356
      ],
      "maximum_rel_chunk_ids": [
        [],
        [],
        []
      ],
      "precision_at10": 0.3,
      "recall_at@10": 0.75
    },
    {
      "query": "The Supreme Court upheld the judgment of the High Court and dismissing the appeals of the  petitioners",
      "relevant_docs_id": [
        "019ba0f9-3bbf-728c-b464-94436469da3d",
        "019ba12d-444f-73b3-8c02-1749cdd76317"
      ],
      "retrieved_docs_id": [
        "019ba112-5c65-7a74-bff0-180c7e0c7ea9",
        "019ba131-e252-7334-b505-c44d8d7189e0",
        "019ba0f9-3bbf-728c-b464-94436469da3d",
        "019ba11d-8a7d-78e2-bd13-02bbc11260c8",
        "019ba132-3b63-7859-8f8e-335e5b0e2d98",
        "019ba131-97be-7e74-b8c9-dbe3573122ba",
        "019ba10e-4eb1-755c-8aef-c58ad9c57930"
      ],
      "chunks_score": [
        0.6976416110992432,
        0.6794832348823547,
        0.6788911819458008,
        0.6691494981447855,
        0.6590514183044434,
        0.6560430526733398,
        0.6513789296150208
      ],
      "maximum_rel_chunk_ids": [
        [],
        [],
        [],
        [],
        [],
        [],
        []
      ],
      "precision_at10": 0.1,
      "recall_at@10": 0.5
    },
    {
      "query": "Cases with citations of Janardhanam Prasad v. Ramdas",
      "relevant_docs_id": [
        "019ba11d-8a7d-78e2-bd13-02bbc11260c8"
      ],
      "retrieved_docs_id": [
        "019ba11d-8a7d-78e2-bd13-02bbc11260c8",
        "019ba106-6444-7a2d-a9bd-6ae9ac8149f2",
        "019ba0cd-a7c4-7c50-9b1d-c89b38d16f4f",
        "019ba12a-dc75-7c4b-b90b-469116223a62",
        "019ba131-5ec0-772d-a948-7b88531751a1",
        "019ba0d4-95e3-78e9-9405-e249a4cceb36"
      ],
      "chunks_score": [
        0.754138708114624,
        0.7050759792327881,
        0.6994667053222656,
        0.6969804167747498,
        0.6926456689834595,
        0.692152202129364
      ],
      "maximum_rel_chunk_ids": [
        [],
        [],
        [],
        [],
        [],
        []
      ],
      "precision_at10": 0.1,
      "recall_at@10": 1.0
    },
    {
      "query": "How did the Supreme Court apply the doctrine of relation back and Section 14(1) of the Hindu Succession Act, 1956 to determine whether the alienations made by defendant No.1 were binding on the adopted son?",
      "relevant_docs_id": [
        "019ba0d0-26b7-7fdf-9bb0-8f4cf85f5215"
      ],
      "retrieved_docs_id": [
        "019ba0d0-26b7-7fdf-9bb0-8f4cf85f5215"
      ],
      "chunks_score": [
        0.7940051078796386
      ],
      "maximum_rel_chunk_ids": [
        []
      ],
      "precision_at10": 0.1,
      "recall_at@10": 1.0
    },
    {
      "query": "Which specific alienations were upheld and which were set aside by the Supreme Court, and what was the legal basis for treating the sale deed and gift deed differently in the final decision?",
      "relevant_docs_id": [
        "019ba0d0-26b7-7fdf-9bb0-8f4cf85f5215"
      ],
      "retrieved_docs_id": [
        "019ba0d0-26b7-7fdf-9bb0-8f4cf85f5215",
        "019ba114-5279-701c-b88f-25fc4429fe22"
      ],
      "chunks_score": [
        0.7071635325749716,
        0.7012783288955688
      ],
      "maximum_rel_chunk_ids": [
        [],
        []
      ],
      "precision_at10": 0.1,
      "recall_at@10": 1.0
    },
    {
      "query": "How did the Supreme Court reconcile the doctrine of relation back with Section 14(1) of the Hindu Succession Act and Section 12(c) of the Hindu Adoptions and Maintenance Act to determine the binding nature of alienations made before and after adoption?",
      "relevant_docs_id": [
        "019ba0d0-26b7-7fdf-9bb0-8f4cf85f5215"
      ],
      "retrieved_docs_id": [
        "019ba0d0-26b7-7fdf-9bb0-8f4cf85f5215"
      ],
      "chunks_score": [
        0.7748768389225006
      ],
      "maximum_rel_chunk_ids": [
        []
      ],
      "precision_at10": 0.1,
      "recall_at@10": 1.0
    },
    {
      "query": "Why did the Supreme Court uphold the validity of the sale deed dated 13.12.2007 while simultaneously allowing the appeal against the High Court’s reversal concerning the gift deed dated 27.08.2008, despite both being alienations by the same defendant?",
      "relevant_docs_id": [
        "019ba0d0-26b7-7fdf-9bb0-8f4cf85f5215"
      ],
      "retrieved_docs_id": [
        "019ba0d0-26b7-7fdf-9bb0-8f4cf85f5215",
        "019ba0d4-95e3-78e9-9405-e249a4cceb36"
      ],
      "chunks_score": [
        0.770869705412123,
        0.7588700652122498
      ],
      "maximum_rel_chunk_ids": [
        [],
        []
      ],
      "precision_at10": 0.1,
      "recall_at@10": 1.0
    },
    {
      "query": "get the cases where judgement is related to physical or mentual disabilities of person",
      "relevant_docs_id": [
        "019ba131-5ec0-772d-a948-7b88531751a1",
        "019ba131-1a03-73b8-b215-d404b35b3d5f",
        "019ba12e-2c8d-7edb-a258-fd7f9d418fc5"
      ],
      "retrieved_docs_id": [
        "019ba131-5ec0-772d-a948-7b88531751a1",
        "019ba12e-2c8d-7edb-a258-fd7f9d418fc5",
        "019ba131-1a03-73b8-b215-d404b35b3d5f"
      ],
      "chunks_score": [
        0.6989459565707615,
        0.691535472869873,
        0.6907877922058105
      ],
      "maximum_rel_chunk_ids": [
        [],
        [],
        []
      ],
      "precision_at10": 0.3,
      "recall_at@10": 1.0
    },
    {
      "average_precision_at_10": 0.14444444444444443,
      "average_recall_at_10": 0.9166666666666666,
      "mean_reciprocal_rank": 0.925925925925926,
      "mean_normalized_dcg@10": 0.9042717844568458
    }
  ]
}